site,avemutation
1,0
2,0
3,2.75777777778
4,0.000740740740741
5,0
6,0.000740740740741
7,0.00148148148148
8,0.00148148148148
9,1.00074074074
10,0
11,0.000740740740741
12,0
13,0
14,0.00148148148148
15,0
16,1.99740740741
17,0
18,0
19,1.00185185185
20,1.00185185185
21,1.00407407407
22,2.0237037037
23,0.000740740740741
24,0.000740740740741
25,0
26,2.13592592593
27,1.00037037037
28,0
29,0.000740740740741
30,0
31,3.00222222222
32,0
33,2.00111111111
34,0
35,0
36,0
37,0
38,2.62333333333
39,2.00074074074
40,0
41,2.00444444444
42,0
43,0
44,0
45,0.000740740740741
46,0.000740740740741
47,1.00148148148
48,0
49,0
50,2.00703703704
51,0
52,5.99148148148
53,0
54,0
55,0
56,0
57,0.000740740740741
58,0.000740740740741
59,0.000740740740741
60,0.00222222222222
61,2.03555555556
62,0
63,0.000740740740741
64,0
65,0.00148148148148
66,0
67,1.00111111111
68,1.00074074074
69,0
70,0.000740740740741
71,0
72,0
73,1.00148148148
74,0
75,0
76,0
77,0.000740740740741
78,0
79,0
80,0
81,1.00185185185
82,0
83,0
84,0.00222222222222
85,1.10962962963
86,0
87,0
88,0.00148148148148
89,0
90,0.000740740740741
91,0.00148148148148
92,0
93,0
94,0
95,0
96,1.00259259259
97,0
98,0.000740740740741
99,2.00148148148
100,5.02888888889
101,5.00518518519
102,0
103,0
104,0
105,5.01592592593
106,0.000740740740741
107,0
108,0
109,1.00296296296
110,1.00037037037
111,0.000740740740741
112,0.00148148148148
113,0.000740740740741
114,0.000740740740741
115,0.000740740740741
116,0.000740740740741
117,2.00222222222
118,0.000740740740741
119,4.32407407407
120,0
121,0
122,0
123,0
124,0
125,0
126,0
127,2.00111111111
128,1.00259259259
129,2.00111111111
130,1.00037037037
131,0.00148148148148
132,0
133,0.000740740740741
134,0.000740740740741
135,0
136,1.0037037037
137,0.000740740740741
138,0.00296296296296
139,0
140,0
141,0.00222222222222
142,0
143,0.000740740740741
144,0.000740740740741
145,0
146,1.00296296296
147,0.00148148148148
148,0
149,0
150,0
151,0
152,0
153,0.000740740740741
154,0
155,0
156,0.000740740740741
157,0.000740740740741
158,0
159,0
160,0
161,0.000740740740741
162,0.00148148148148
163,0
164,0
165,0.000740740740741
166,0.000740740740741
167,0.000740740740741
168,1.00074074074
169,0
170,0
171,0.00148148148148
172,0
173,0
174,0.000740740740741
175,0.000740740740741
176,0.00148148148148
177,0
178,0
179,0.00148148148148
180,0.00148148148148
181,0.000740740740741
182,0
183,0.00148148148148
184,0
185,0
186,0.00222222222222
187,0
188,0.000740740740741
189,7.08740740741
190,3.24740740741
191,0
192,0
193,0.000740740740741
194,0
195,0.000740740740741
196,0
197,0.000740740740741
198,0
199,0.000740740740741
200,0
201,2.00333333333
202,0
203,0
204,0.00148148148148
205,0.000740740740741
206,0
207,0
208,0
209,0.000740740740741
210,1.01148148148
211,0.000740740740741
212,0
213,0
214,1.00148148148
215,0
216,1.00148148148
217,5.75518518519
218,0
219,0
220,0
221,0
222,0.000740740740741
223,0
224,0
225,0
226,0
227,0.000740740740741
228,0
229,0.000740740740741
230,0
231,0
232,0
233,0.000740740740741
234,0.654074074074
235,0
236,2.00111111111
237,1.00111111111
238,0
239,3.00333333333
240,0
241,0
242,0
243,0
244,0.00222222222222
245,0
246,0
247,1.00074074074
248,0
249,0.000740740740741
250,0.00148148148148
251,0
252,0
253,0
254,0.000740740740741
255,0
256,0
257,0.000740740740741
258,0
259,0
260,1.00185185185
261,0
262,1.00481481481
263,0
264,0.000740740740741
265,2.01444444444
266,1.00148148148
267,0.000740740740741
268,0
269,0.000740740740741
270,1.00074074074
271,0.000740740740741
272,1.00148148148
273,0
274,0.000740740740741
275,0
276,0
277,0.000740740740741
278,1.00296296296
279,0
280,0.000740740740741
281,0
282,0
283,1.99555555556
284,0
285,0.00296296296296
286,0
287,0
288,0
289,0.99037037037
290,0
291,0
292,0.000740740740741
293,0.000740740740741
294,0
295,0
296,0.000740740740741
297,0.000740740740741
298,0
299,0
300,0
301,3.00407407407
302,1.00111111111
303,0
304,1.00185185185
305,3.00333333333
306,0
307,0
308,0
309,0
310,0
311,0
312,1.00518518519
313,1.99074074074
314,0.00222222222222
315,0.00148148148148
316,3.00814814815
317,0
318,0
319,0.000740740740741
320,0
321,0.000740740740741
322,0.000740740740741
323,1.00111111111
324,0
325,0
326,0
327,0
328,0
329,0.000740740740741
330,0
331,2.00111111111
332,0.00148148148148
333,0
334,0
335,0.00148148148148
336,0
337,0.000740740740741
338,0
339,0
340,0.000740740740741
341,1.00074074074
342,0.00148148148148
343,2.00037037037
344,1.00222222222
345,2.01666666667
346,0.000740740740741
347,0.00148148148148
348,1.00037037037
349,0
350,4.99851851852
351,2.03074074074
352,0.000740740740741
353,4.49592592593
354,0
355,0
356,0
357,3.43592592593
358,0
359,0
360,0
361,0
362,0
363,3.04592592593
364,1.00185185185
365,1.00259259259
366,0.00148148148148
367,0.000740740740741
368,1.00185185185
369,0.00148148148148
370,2.00222222222
371,5.01962962963
372,0
373,6.85777777778
374,1.00037037037
375,0
376,0
377,1.74592592593
378,0.00148148148148
379,0.000740740740741
380,1.00148148148
381,0.000740740740741
382,1.00037037037
383,0.00148148148148
384,0.00148148148148
385,0
386,0
387,0
388,0.00222222222222
389,0
390,0
391,2.00074074074
392,0.000740740740741
393,0
394,0
395,0
396,1.00185185185
397,2.00444444444
398,0.000740740740741
399,1.00074074074
400,2.00074074074
401,1.00666666667
402,0.00148148148148
403,0
404,1.00185185185
405,0
406,0
407,1.00037037037
408,0.00111111111111
409,0
410,0.000740740740741
411,0.000740740740741
412,0
413,0.00222222222222
414,0
415,0
416,0.000740740740741
417,0
418,1.00481481481
419,0
420,0
421,1.00111111111
422,1.00259259259
423,4.11333333333
424,0
425,3.64592592593
426,2.22333333333
427,0
428,1.0
429,0
430,7.08407407407
431,0
432,0
433,4.00481481481
434,0.000740740740741
435,0
436,0.000740740740741
437,1.00074074074
438,0
439,0.000740740740741
440,0
441,1.00222222222
442,0.000740740740741
443,1.00259259259
444,5.37888888889
445,1.00185185185
446,4.03444444444
447,1.00666666667
448,0
449,0
450,8.03407407407
451,0.000740740740741
452,1.95925925926
453,1.00037037037
454,0
455,0.000740740740741
456,1.01074074074
457,0
458,0
459,0
460,0
461,0
462,0
463,0
464,0
465,0.000740740740741
466,0
467,0
468,0.000740740740741
469,0
470,0.000740740740741
471,0.00148148148148
472,0.00037037037037
473,6.74888888889
474,0
475,0.000740740740741
476,1.00148148148
477,0
478,0.000740740740741
479,0
480,0
481,0
482,5.0137037037
483,0
484,1.00185185185
485,0
486,0
487,0.000740740740741
488,0
489,0
490,0.000740740740741
491,0
492,2.00296296296
493,0.000740740740741
494,0
495,2.02962962963
496,0
497,1.00185185185
498,2.37481481481
