R214K,1925
I257T,1928
D101N,1929
R305K,1933
S473N,1933
R98K,1933
T442A,1936
T257I,1936
F253I,1936
T433A,1936
D455E,1936
H334N,1936
R422K,1936
E372D,1936
A146T,1936
G34D,1941
I109V,1941
V353I,1941
R293K,1942
N101D,1946
R452K,1948
A472T,1950
I408V,1953
S450G,1954
T423P,1955
I217N,1956
A433T,1958
I353S,1958
T411A,1958
V456M,1958
S344L,1958
N217S,1960
K77R,1966
Q459R,1966
S217G,1966
M456V,1966
L259S,1972
N334H,1972
G217S,1973
A411T,1974
I425V,1975
A286S,1976
D421E,1977
T373N,1977
V186I,1978
K103R,1981
R65K,1990
R384G,1990
S259L,1990
D127E,1990
I197V,1992
E375G,1992
E18D,1994
M239V,1994
K98R,1995
R103K,1997
T146A,1999
R77K,1999
I406T,1999
V425I,1999
M136I,2001
V280A,2002
V312I,2002
Y52H,2003
A131S,2005
