Codon,dS,dN,dN/dS,Normalized dN-dS,dS (when dN=dS),Log(L),LRT,p-value
1,0.922124,0,0,-2.81386,3.18E-16,-3.72739,0,1
2,5.75611,0,0,-17.5647,1.36176,-14.162,8.13485,0.00434224
3,3.84468,0,0,-11.732,1.17912,-14.3338,6.79088,0.00916247
4,1.31651,0,0,-4.01733,0.417056,-8.60726,2.26872,0.132009
5,4.19252,0.572185,0.136,-11.0474,1.64403,-19.808,3.41237,0.0647093
6,6.94E-18,0,0,-2.12E-17,3.18E-16,-4.64201,0,1
7,4.10355,0,0,-12.5219,1.88312,-12.1418,4.53329,0.0332416
8,1.15386,0,0,-3.52098,0.38555,-9.31604,2.16474,0.141209
9,0,0,Undefined,0,3.18E-16,-4.53309,0,1
10,5.86496,0,0,-17.8969,1.34156,-15.5982,8.09995,0.00442665
11,1.09685,0,0,-3.34702,0.339353,-9.40541,2.32496,0.127313
12,0.922124,0,0,-2.81386,3.18E-16,-3.72739,0,1
13,0,0,Undefined,0,9.56E-17,-3.62245,0,1
14,2.18044,0.577199,0.265,-4.89229,1.13529,-18.7556,1.22035,0.269292
15,1.54376,0,0,-4.71077,0.43047,-6.22771,2.52955,0.111732
16,2.90435,0,0,-8.86262,0.854732,-17.867,4.72986,0.0296432
17,1.30243,0,0,-3.97434,0.341005,-6.97183,2.66247,0.102741
18,0,0,Undefined,0,3.18E-16,-3.33681,0,1
19,2.48401,0,0,-7.57995,0.839053,-11.9878,4.2404,0.0394728
20,0,0.487224,Infinite,1.48676,0.355928,-8.56776,0.624301,0.429453
21,0.922124,0,0,-2.81386,3.18E-16,-3.72739,0,1
22,0,0,Undefined,0,9.56E-17,-3.21386,0,1
23,10.2164,0,0,-31.1752,2.32888,-17.2758,13.7152,0.000212722
24,2.77754,0,0,-8.47565,0.975543,-11.7899,4.06432,0.0437984
25,2.92919,0,0,-8.93841,0.783611,-12.2575,5.54346,0.0185499
26,0,0,Undefined,0,3.18E-16,-3.67147,0,1
27,0,0.594598,Infinite,1.81441,0.38411,-7.31509,0.869109,0.351202
28,2.58682,0,0,-7.89365,0.709364,-17.5773,5.03891,0.0247841
29,2.80563,0.644126,0.23,-6.5958,1.3355,-14.441,1.51169,0.218881
30,0,0,Undefined,0,3.18E-16,-3.93662,0,1
31,0,0,Undefined,0,3.18E-16,-3.33681,0,1
32,0,0,Undefined,0,3.18E-16,-3.79319,0,1
33,3.18E-16,0,0,-9.72E-16,9.56E-17,-3.75775,0,1
34,1.76574,0,0,-5.38816,0.452041,-7.91889,2.66889,0.102327
35,0,0,Undefined,0,5.84E-16,-4.21892,0,1
36,1.45365,0,0,-4.43579,0.345941,-9.32811,2.80061,0.0942286
37,2.61601,0,0,-7.98275,0.679411,-14.1278,5.28354,0.021528
38,0,0,Undefined,0,0,0,0,1
39,0,0,Undefined,0,0,0,0,1
40,3.42212,0,0,-10.4426,0.775141,-13.1985,6.25905,0.012356
41,1.26349,0,0,-3.85554,0.414866,-10.1532,2.19353,0.138591
42,0,0,Undefined,0,0,0,0,1
43,4.33678,0,0,-13.2337,1.28602,-15.0559,7.10923,0.0076688
44,0,0,Undefined,0,0,0,0,1
45,1.21E-17,0.632865,5.24816E+16,1.93118,0.399423,-14.8354,0.919207,0.337683
46,0,0,Undefined,0,0,0,0,1
47,0,0,Undefined,0,0,0,0,1
48,0,0,Undefined,0,0,0,0,1
49,0,0,Undefined,0,0,0,0,1
50,0,0,Undefined,0,0,0,0,1
51,1.18027,0,0,-3.6016,0.399569,-8.32536,2.14076,0.143431
52,1.12052,0,0,-3.41926,0.396473,-9.22083,2.05296,0.15191
53,0,0,Undefined,0,0,0,0,1
54,0,0,Undefined,0,0,0,0,1
55,0,0,Undefined,0,0,0,0,1
56,3.05141,0,0,-9.31137,0.861918,-13.0097,4.90351,0.0268021
57,0.934697,0,0,-2.85222,0.359964,-12.2439,1.89446,0.168699
58,1.12699,0.513966,0.456,-1.87063,0.705636,-15.9531,0.293273,0.588131
59,1.68764,0,0,-5.14982,0.43471,-8.91463,2.6588,0.102978
60,0,0,Undefined,0,0,0,0,1
61,0,0.433044,Infinite,1.32143,0.409741,-12.7936,0.108714,0.741613
62,0,0,Undefined,0,0,0,0,1
63,2.72099,0.490536,0.18,-6.80623,0.826673,-14.8373,1.23988,0.265494
64,2.65585,0,0,-8.1043,0.83579,-9.52643,4.56473,0.0326367
65,1.34414,0.503457,0.375,-2.56534,0.7299,-13.5267,0.449548,0.50255
66,1.22175,0,0,-3.72817,0.355663,-7.27126,2.45024,0.117507
67,0,0,Undefined,0,0,0,0,1
68,1.44324,0.533263,0.369,-2.77678,0.775821,-15.3421,0.462825,0.496307
69,0,0,Undefined,0,0,0,0,1
70,4.43599,0,0,-13.5364,1.05903,-16.0687,8.4135,0.00372444
71,4.19951,0,0,-12.8148,2.10312,-27.4726,6.66282,0.00984451
72,0.66278,0,0,-2.02247,0.407421,-9.79476,0.966962,0.325439
73,1.53645,0,0,-4.68847,0.437745,-6.10922,2.4876,0.114746
74,0,0,Undefined,0,0,0,0,1
75,0,0,Undefined,0,0,0,0,1
76,0,0,Undefined,0,0,0,0,1
77,3.78171,0,0,-11.5399,0.892017,-11.7128,5.53125,0.0186798
78,0,0,Undefined,0,0,0,0,1
79,1.20093,0,0,-3.66463,0.384771,-8.3476,2.24831,0.13376
80,0,0,Undefined,0,0,0,0,1
81,1.37082,0,0,-4.18305,0.371684,-8.87391,2.57442,0.108604
82,2.33746,0,0,-7.13275,0.717338,-11.2561,4.67399,0.0306226
83,1.61647,0,0,-4.93264,0.424977,-8.75862,2.61621,0.105777
84,0.969896,0,0,-2.95963,0.372231,-9.00845,1.90178,0.16788
85,1.70924,1.21266,0.709,-1.51531,1.3412,-19.5422,0.0707407,0.790261
86,0,1.31316,Infinite,4.0071,1.22148,-17.4004,0.431789,0.511113
87,2.59674,0,0,-7.92395,0.67972,-13.7347,5.27406,0.0216454
88,0,0,Undefined,0,0,0,0,1
89,0,0.47743,Infinite,1.45687,0.329031,-10.601,0.739316,0.38988
90,0,0,Undefined,0,0,0,0,1
91,1.29631,0,0,-3.95569,0.392501,-6.57589,2.37509,0.123285
92,0,0,Undefined,0,0,0,0,1
93,1.60838,0,0,-4.90797,0.372132,-7.90602,2.8823,0.0895581
94,0,0,Undefined,0,0,0,0,1
95,1.63221,0,0,-4.98068,0.418074,-8.98443,2.6674,0.102423
96,1.14799,0,0,-3.50307,0.38734,-8.06804,2.14862,0.142698
97,1.32703,0.574806,0.433,-2.29541,0.795498,-15.105,0.334313,0.563131
98,1.37239,0,0,-4.18785,0.34968,-11.6197,2.69856,0.100439
99,0,0,Undefined,0,0,0,0,1
100,0,0.573692,Infinite,1.75062,0.394684,-10.8362,0.740844,0.389391
101,3.81225,0.516683,0.136,-10.0564,1.47759,-19.8592,3.48854,0.061795
102,0,0,Undefined,0,0,0,0,1
103,0,0,Undefined,0,0,0,0,1
104,4.02E-16,1.17802,2.93237E+15,3.59471,0.761623,-12.3996,1.71651,0.190142
105,0,0.666219,Infinite,2.03296,0.459579,-12.7762,0.736967,0.390634
106,0.953357,0,0,-2.90916,0.370956,-10.7877,1.87231,0.171211
107,0,0,Undefined,0,0,0,0,1
108,0,0,Undefined,0,0,0,0,1
109,0,0,Undefined,0,0,0,0,1
110,0,0,Undefined,0,0,0,0,1
111,0,0,Undefined,0,0,0,0,1
112,1.1176,0,0,-3.41036,0.448901,-10.0981,1.80203,0.179467
113,1.31608,0,0,-4.01601,0.421862,-10.2852,2.24431,0.134107
114,0,0,Undefined,0,0,0,0,1
115,0,0.596276,Infinite,1.81953,0.425159,-8.25347,0.671913,0.412385
116,1.50414,0,0,-4.58986,0.37876,-9.71286,2.71344,0.0995062
117,0,0,Undefined,0,0,0,0,1
118,0,0,Undefined,0,0,0,0,1
119,1.18023,0,0,-3.60148,0.402822,-9.12027,2.12789,0.144639
120,0,0,Undefined,0,0,0,0,1
121,0,0,Undefined,0,0,0,0,1
122,2.79869,0,0,-8.54019,0.800796,-14.6343,4.87441,0.0272577
123,5.5966,0,0,-17.078,1.25198,-14.9894,9.9918,0.00157239
124,2.47999,0,0,-7.56767,0.724544,-12.0148,4.80613,0.0283587
125,0,0,Undefined,0,0,0,0,1
126,1.83943,0.599122,0.326,-3.78478,0.896456,-16.2828,0.561787,0.453541
127,0.961422,0.578999,0.602,-1.16696,0.723312,-14.9183,0.124221,0.7245
128,3.48089,0,0,-10.6219,0.916713,-11.9412,5.138,0.0234076
129,6.16518,2.22668,0.361,-12.0183,2.53509,-32.1484,0.623258,0.429839
130,0,0,Undefined,0,0,0,0,1
131,0,0,Undefined,0,0,0,0,1
132,0.631869,1.058,1.674,1.30034,0.790767,-18.423,0.128179,0.720328
133,1.40128,0,0,-4.276,0.420139,-7.98114,2.37632,0.123188
134,0,0,Undefined,0,0,0,0,1
135,0,0,Undefined,0,0,0,0,1
136,0,0,Undefined,0,0,0,0,1
137,1.24019,0,0,-3.78444,0.41714,-6.31663,2.16788,0.140921
138,0,0,Undefined,0,0,0,0,1
139,1.51986,0,0,-4.63785,0.435553,-8.12215,2.45875,0.116872
140,1.34712,0,0,-4.11074,0.377433,-12.8814,2.50539,0.113457
141,0,0,Undefined,0,0,0,0,1
142,1.23289,0.619289,0.502,-1.87239,0.824761,-17.2505,0.225845,0.634622
143,1.23263,0,0,-3.76135,0.340217,-8.56107,2.54786,0.110444
144,0,0,Undefined,0,0,0,0,1
145,3.30396,0,0,-10.082,1.1237,-17.3236,6.16394,0.0130381
146,2.74252,0,0,-8.36878,0.846766,-13.6199,4.53967,0.033118
147,0,0,Undefined,0,0,0,0,1
148,0,0,Undefined,0,0,0,0,1
149,0,0,Undefined,0,0,0,0,1
150,1.45662,0,0,-4.44485,0.429843,-8.51521,2.39394,0.121806
151,2.70099,0,0,-8.24205,0.700626,-14.1183,5.31955,0.0210875
152,2.08249,0,0,-6.35471,0.442878,-9.10577,3.44918,0.0632833
153,0,0,Undefined,0,0,0,0,1
154,1.68008,0,0,-5.12677,0.434413,-8.75104,2.65188,0.103427
155,0,0,Undefined,0,0,0,0,1
156,2.61093,0,0,-7.96724,0.675684,-14.572,5.24789,0.0219734
157,0,0,Undefined,0,0,0,0,1
158,4.43527,0.63094,0.142,-11.6089,1.78604,-21.6085,3.26105,0.0709436
159,0.955754,0,0,-2.91648,0.309992,-9.05092,2.23495,0.134921
160,0,0,Undefined,0,0,0,0,1
161,0,0,Undefined,0,0,0,0,1
162,1.66932,0,0,-5.09391,0.370593,-9.12626,3.02681,0.0818986
163,2.39719,0,0,-7.31501,1.28417,-19.4081,3.67547,0.0552186
164,0,0,Undefined,0,0,0,0,1
165,1.72621,0,0,-5.26752,0.436014,-7.98805,2.68327,0.101407
166,0,0,Undefined,0,0,0,0,1
167,1.5743,0,0,-4.80398,0.369763,-9.67728,2.84062,0.0919089
168,1.38617,0,0,-4.22988,0.373096,-6.86546,2.60376,0.10661
169,4.35907,0,0,-13.3017,1.04561,-17.4972,8.26591,0.00403963
170,0,0,Undefined,0,0,0,0,1
171,5.66247,0,0,-17.279,0.405977,-8.05862,5.24074,0.0220639
172,4.01685,0,0,-12.2574,1.2936,-12.4295,6.6717,0.00979557
173,0.971566,0,0,-2.96473,0.316714,-10.1736,2.22208,0.13605
174,1.08512,0,0,-3.31125,0.349402,-10.2092,2.24616,0.133946
175,1.47328,0,0,-4.49571,0.862767,-14.2987,2.1045,0.146866
176,1.15809,0,0,-3.5339,0.3972,-9.13693,2.11454,0.145906
177,2.00993,0,0,-6.1333,0.640893,-13.6732,4.49348,0.0340244
178,0,0,Undefined,0,0,0,0,1
179,0,0,Undefined,0,0,0,0,1
180,1.69859,0,0,-5.18324,0.658731,-9.89376,1.84446,0.174429
181,1.17487,0,0,-3.58512,0.402223,-9.41563,2.12204,0.145193
182,0,0,Undefined,0,0,0,0,1
183,0,0,Undefined,0,0,0,0,1
184,0,0,Undefined,0,0,0,0,1
185,0,0,Undefined,0,0,0,0,1
186,1.22642,0,0,-3.7424,0.355138,-9.23349,2.44917,0.117587
187,3.66983,0,0,-11.1985,1.02984,-12.8108,5.90964,0.0150583
188,0,0,Undefined,0,0,0,0,1
189,0,0,Undefined,0,0,0,0,1
190,0,0,Undefined,0,0,0,0,1
191,1.60537,0,0,-4.89879,0.443797,-9.76154,2.51148,0.11302
192,1.32581,0,0,-4.04571,0.381143,-9.78304,2.45374,0.117245
193,0,0,Undefined,0,0,0,0,1
194,0,0,Undefined,0,0,0,0,1
195,0,0,Undefined,0,0,0,0,1
196,0,0.517044,Infinite,1.57776,0.379995,-10.1936,0.612605,0.433809
197,0.954431,0,0,-2.91244,0.328445,-12.174,2.11612,0.145755
198,0,0,Undefined,0,0,0,0,1
199,2.45721,0,0,-7.49816,0.816508,-12.8577,4.30578,0.037983
200,0,0,Undefined,0,0,0,0,1
201,0,0,Undefined,0,0,0,0,1
202,0,0,Undefined,0,0,0,0,1
203,0,0,Undefined,0,0,0,0,1
204,1.53335,0.519607,0.339,-3.09341,0.774786,-14.5584,0.540965,0.462033
205,0,0,Undefined,0,0,0,0,1
206,3.61711,0,0,-11.0376,0.891609,-10.1582,5.38881,0.0202663
207,1.05136,0,0,-3.20822,0.371547,-10.4201,2.0641,0.150804
208,0,1.14185,Infinite,3.48435,0.822051,-16.9553,1.29133,0.255803
209,2.95686,0,0,-9.02284,0.784276,-12.144,5.5933,0.0180293
210,2.66621,0.476623,0.179,-6.68151,1.05335,-18.3299,2.04331,0.152877
211,0,0,Undefined,0,0,0,0,1
212,2.34929,0,0,-7.16883,0.96337,-15.3582,3.48038,0.0621003
213,1.12603,1.10926,0.985,-0.0511616,1.11479,-19.7544,0.000145161,0.990387
214,0,0,Undefined,0,0,0,0,1
215,4.74701,0,0,-14.4855,1.12228,-13.928,9.02761,0.00265932
216,0,0.577371,Infinite,1.76184,0.375921,-10.4456,0.851435,0.356147
217,0,0,Undefined,0,0,0,0,1
218,0,0,Undefined,0,0,0,0,1
219,0,0,Undefined,0,0,0,0,1
220,0,0,Undefined,0,0,0,0,1
221,1.29631,0,0,-3.95569,0.35573,-7.62517,2.5676,0.109073
222,1.18027,0,0,-3.6016,0.391341,-7.55002,2.18285,0.139556
223,1.21624,0,0,-3.71135,0.40357,-12.0034,2.18273,0.139566
224,1.16194,0,0,-3.54564,0.373503,-11.2701,2.24198,0.134308
225,0,0.49351,Infinite,1.50594,0.370329,-10.8235,0.572155,0.449404
226,2.58715,1.27218,0.492,-4.01263,1.70413,-22.9254,0.463982,0.495769
227,1.56032,1.46837,0.941,-0.280602,1.49582,-19.817,0.00237278,0.961149
228,0,0,Undefined,0,0,0,0,1
229,0,0,Undefined,0,0,0,0,1
230,3.30519,0,0,-10.0858,0.776951,-10.8067,5.63914,0.0175638
231,1.98453,0,0,-6.05578,0.627429,-14.9013,4.52739,0.0333565
232,1.56392,0,0,-4.7723,0.504997,-9.45413,2.21037,0.137086
233,2.44212,0,0,-7.45211,0.77042,-11.6604,4.52415,0.0334196
234,0,0,Undefined,0,0,0,0,1
235,0,0,Undefined,0,0,0,0,1
236,0,0,Undefined,0,0,0,0,1
237,2.57034,0,0,-7.84336,0.826982,-11.2049,4.4306,0.0353002
238,0,0,Undefined,0,0,0,0,1
239,1.4378,0,0,-4.38743,0.421994,-6.33394,2.42805,0.119181
240,0.961433,0,0,-2.93381,0.329201,-11.9562,2.12508,0.144906
241,2.33656,0,0,-7.12999,0.911789,-13.2062,3.66142,0.0556862
242,1.45812,0,0,-4.44945,0.40455,-8.91103,2.52224,0.112251
243,1.295,0,0,-3.95168,0.414874,-8.33261,2.25559,0.133133
244,0,0,Undefined,0,0,0,0,1
245,0,0,Undefined,0,0,0,0,1
246,1.35553,0,0,-4.13639,0.418242,-8.94795,2.31514,0.12812
247,2.05748,0,0,-6.27838,0.698991,-11.9961,4.27516,0.0386733
248,0,0,Undefined,0,0,0,0,1
249,0,0,Undefined,0,0,0,0,1
250,1.22175,0,0,-3.72817,0.36828,-7.66773,2.38053,0.122856
251,1.47E-16,1.0919,7.40648E+15,3.33192,0.796658,-10.8024,1.24991,0.263569
252,1.74047,0,0,-5.31103,0.438085,-7.72285,2.70193,0.100227
253,0,0,Undefined,0,0,0,0,1
254,1.63225,0,0,-4.98079,0.436315,-7.73158,2.58634,0.107789
255,0,0,Undefined,0,0,0,0,1
256,3.38309,0,0,-10.3235,0.775998,-12.178,5.67134,0.0172443
257,3.31073,0,0,-10.1027,1.14318,-13.05,6.29758,0.0120903
258,2.9482,0,0,-8.99642,0.866295,-12.7695,4.79628,0.0285213
259,0,0,Undefined,0,0,0,0,1
260,2.8426,0,0,-8.67418,0.849589,-13.6048,4.67221,0.0306545
261,1.44414,0,0,-4.40679,0.864811,-13.5288,2.02187,0.155048
262,0,0,Undefined,0,0,0,0,1
263,0,0,Undefined,0,0,0,0,1
264,1.37485,0,0,-4.19534,0.349834,-10.1274,2.7011,0.100279
265,0,0,Undefined,0,0,0,0,1
266,1.01505,0,0,-3.09742,0.393497,-12.9148,1.87563,0.170832
267,8.83426,0,0,-26.9577,1.88782,-23.8949,14.2056,0.000163878
268,1.32733,0,0,-4.05034,0.415473,-10.4697,2.28683,0.130476
269,3.12648,1.08381,0.347,-6.23318,1.65243,-21.4457,1.09691,0.294945
270,0,0,Undefined,0,0,0,0,1
271,1.37568,0,0,-4.19786,0.36007,-10.6751,2.6423,0.104053
272,0,1.13751,Infinite,3.47109,0.821371,-19.7628,1.29469,0.255185
273,1.09784,0,0,-3.35007,0.343715,-9.07131,2.29883,0.129471
274,2.86818,0,0,-8.75223,0.728126,-11.8572,5.35491,0.020664
275,0,0,Undefined,0,0,0,0,1
276,5.55028,0,0,-16.9366,1.27487,-13.9668,8.21376,0.00415739
277,1.67042,1.99155,1.192,0.979914,1.90511,-22.6922,0.0213754,0.883761
278,1.55082,0,0,-4.73231,0.644728,-8.29062,1.71257,0.190653
279,2.37915,0.741434,0.312,-4.99748,1.36548,-21.7762,0.941126,0.331989
280,0.974233,0,0,-2.97287,0.340815,-10.3373,2.07354,0.149873
281,0,0,Undefined,0,0,0,0,1
282,1.4378,0,0,-4.38743,0.431541,-7.10928,2.38271,0.122684
283,0.979733,0,0,-2.98965,0.409831,-11.6807,1.7168,0.190105
284,0,0,Undefined,0,0,0,0,1
285,0,0,Undefined,0,0,0,0,1
286,0,0,Undefined,0,0,0,0,1
287,2.53748,0,0,-7.74311,0.676648,-10.0611,5.21737,0.0223624
288,0.62285,0,0,-1.90062,0.389783,-10.9658,0.932254,0.334278
289,2.58865,0,0,-7.89925,0.542384,-7.66873,3.57252,0.058743
290,0.853832,0,0,-2.60546,0.469863,-10.5675,1.18037,0.277281
291,0,1.03584,Infinite,3.16085,0.700546,-12.7447,1.54986,0.213156
292,0,0,Undefined,0,0,0,0,1
293,3.12657,0,0,-9.54071,0.860255,-13.4649,4.98776,0.0255273
294,1.43783,0,0,-4.38752,0.412624,-6.45689,2.47232,0.115867
295,0,0,Undefined,0,0,0,0,1
296,1.13824,0.990114,0.87,-0.451997,1.03492,-19.2958,0.0123216,0.911614
297,0,0,Undefined,0,0,0,0,1
298,0,0,Undefined,0,0,0,0,1
299,1.39543,0,0,-4.25816,0.373512,-8.2427,2.60067,0.106819
300,1.53648,0,0,-4.68857,0.428491,-6.23217,2.52969,0.111722
301,2.53554,0,0,-7.73719,0.720544,-14.6743,4.90338,0.0268042
302,0,0,Undefined,0,0,0,0,1
303,1.08857,0,0,-3.32177,0.337497,-10.2047,2.32095,0.127642
304,1.34813,0,0,-4.1138,0.44678,-9.71848,2.21125,0.137007
305,0,0,Undefined,0,0,0,0,1
306,0,0,Undefined,0,0,0,0,1
307,3.65219,0,0,-11.1446,0.99759,-21.9944,7.5209,0.00609872
308,0.970188,1.16606,1.202,0.597712,1.09234,-15.9917,0.0222833,0.881336
309,2.91821,1.09992,0.377,-5.54849,1.59979,-17.2833,0.875625,0.349403
310,0,0,Undefined,0,0,0,0,1
311,0,0,Undefined,0,0,0,0,1
312,1.5892,0,0,-4.84944,0.440609,-8.66513,2.52189,0.112276
313,1.09263,0,0,-3.33415,0.328772,-10.8987,2.3814,0.122787
314,0,0,Undefined,0,0,0,0,1
315,0,0,Undefined,0,0,0,0,1
316,5.18045,0,0,-15.8081,1.46536,-15.1864,9.87894,0.00167181
317,0,0,Undefined,0,0,0,0,1
318,0,0,Undefined,0,0,0,0,1
319,0,0,Undefined,0,0,0,0,1
320,1.12567,0,0,-3.43499,0.340519,-10.0737,2.36342,0.12421
321,2.57611,0.493775,0.192,-6.35423,1.0681,-19.1214,1.8862,0.169631
322,5.49794,0,0,-16.7769,1.29195,-18.9117,8.29087,0.00398449
323,0,0.575982,Infinite,1.7576,0.39852,-10.3115,0.72958,0.393019
324,2.56048,0,0,-7.8133,0.841801,-11.1166,4.34058,0.0372142
325,0,0,Undefined,0,0,0,0,1
326,1.4378,0,0,-4.38743,0.436756,-7.10572,2.35696,0.124725
327,0,0.599634,Infinite,1.82978,0.435257,-10.7807,0.635463,0.425359
328,1.24019,0,0,-3.78444,0.41714,-6.31663,2.16788,0.140921
329,1.45365,0,0,-4.43579,0.375041,-9.40516,2.6396,0.10423
330,1.59E-14,0.877336,5.53099E+13,2.67718,0.828216,-17.9278,0.221658,0.637779
331,0,0,Undefined,0,0,0,0,1
332,1.37223,0,0,-4.18735,0.403917,-10.1635,2.41069,0.120509
333,0,0,Undefined,0,0,0,0,1
334,1.15807,0.788863,0.681,-1.12663,0.938159,-16.4563,0.0710225,0.789854
335,0,0,Undefined,0,0,0,0,1
336,2.77727,0,0,-8.47481,1.47821,-17.6971,3.64466,0.0562492
337,0,0,Undefined,0,0,0,0,1
338,0,0,Undefined,0,0,0,0,1
339,0,0,Undefined,0,0,0,0,1
340,0,0,Undefined,0,0,0,0,1
341,1.21835,0,0,-3.71777,0.383998,-8.7869,2.2853,0.130605
342,0.623465,0,0,-1.9025,0.390082,-10.0693,0.932717,0.334158
343,0,0.474206,Infinite,1.44704,0.348473,-12.2956,0.612437,0.433872
344,2.58873,0,0,-7.89948,0.528806,-7.79168,3.62459,0.0569317
345,3.85612,0.990243,0.257,-8.74522,1.30718,-20.4979,0.925827,0.33595
346,1.17898,1.20395,1.021,0.0762056,1.19138,-18.0134,0.000212547,0.988368
347,1.17571,0,0,-3.58768,0.384713,-6.65174,2.221,0.136145
348,3.07744,1.25924,0.409,-5.54824,1.78839,-24.0691,0.714433,0.397976
349,0,0,Undefined,0,0,0,0,1
350,0,1.8835,Infinite,5.74748,1.32484,-16.3685,2.06665,0.150552
351,0,0,Undefined,0,0,0,0,1
352,2.83325,0,0,-8.64563,0.86688,-9.4635,4.66645,0.0307574
353,0,0.617506,Infinite,1.88432,0.444611,-10.0595,0.651441,0.419598
354,3.06328,0.572606,0.187,-7.60027,1.2459,-15.837,1.91757,0.166125
355,4.25249,0,0,-12.9765,1.08496,-16.3647,7.87313,0.00501746
356,2.27932,0,0,-6.95532,0.709088,-13.5841,4.5764,0.0324153
357,0,2.38695,Infinite,7.28375,1.63405,-17.3032,2.93942,0.0864416
358,1.53645,0,0,-4.68847,0.437745,-6.10922,2.4876,0.114746
359,4.47805,0,0,-13.6647,1.04278,-10.3672,6.51753,0.0106816
360,790.251,0.76221,0.001,-2409.12,0.802828,-16.723,4.9037,0.0267993
361,1.55082,0,0,-4.73231,0.438465,-7.51885,2.4801,0.115295
362,0,0,Undefined,0,0,0,0,1
363,0,0,Undefined,0,0,0,0,1
364,2.65249,0,0,-8.09406,0.698652,-12.8442,5.15472,0.0231833
365,1.31911,1.16574,0.884,-0.468018,1.21288,-17.1534,0.00973932,0.921386
366,3.91566,0,0,-11.9486,2.26069,-24.5242,5.32212,0.0210564
367,1.53645,0,0,-4.68847,0.437745,-6.10922,2.4876,0.114746
368,0,0,Undefined,0,0,0,0,1
369,0,0.464964,Infinite,1.41884,0.343451,-12.3056,0.602201,0.437739
370,1.3355,0,0,-4.07526,0.418973,-11.2231,2.28203,0.13088
371,2.91089,0,0,-8.88255,0.739604,-17.999,5.2897,0.0214519
372,1.55085,0,0,-4.7324,0.429163,-7.6418,2.52225,0.11225
373,0,0,Undefined,0,0,0,0,1
374,0,0.383176,Infinite,1.16926,0.379898,-8.97661,0.0165674,0.897584
375,2.19943,0,0,-6.71153,0.648454,-14.1688,4.80962,0.0283013
376,2.70227,0,0,-8.24595,0.720003,-10.565,5.20813,0.0224815
377,0,0,Undefined,0,0,0,0,1
378,1.24155,0,0,-3.78858,0.417333,-7.34054,2.15706,0.141916
379,2.25659,0,0,-6.88597,0.751052,-14.8805,4.32132,0.0376378
380,1.18281,0.578331,0.489,-1.84455,0.776884,-16.6406,0.24392,0.621389
381,0,0,Undefined,0,0,0,0,1
382,1.48394,0.586623,0.395,-2.73815,0.839247,-15.84,0.400407,0.526879
383,4.73531,0,0,-14.4498,1.27381,-12.9655,7.6175,0.00578044
384,1.40407,0,0,-4.28452,0.403878,-10.7156,2.44891,0.117607
385,1.55082,0,0,-4.73231,0.438465,-7.51885,2.4801,0.115295
386,0,0,Undefined,0,0,0,0,1
387,1.25284,0,0,-3.82303,0.3874,-8.57525,2.32296,0.127477
388,1.30392,0,0,-3.97891,0.350496,-10.1766,2.5879,0.107683
389,3.37851,0,0,-10.3095,0.855111,-12.5365,5.25319,0.0219066
390,0.627558,0,0,-1.91499,0.391581,-10.3469,0.937976,0.332799
391,0,0,Undefined,0,0,0,0,1
392,1.932,0,0,-5.8955,0.687589,-9.23472,1.98892,0.158454
393,0,0,Undefined,0,0,0,0,1
394,3.43906,0,0,-10.4943,0.863946,-11.3302,5.34303,0.0208053
395,0,1.06186,Infinite,3.24027,0.781635,-21.9465,1.21733,0.269885
396,2.43655,0,0,-7.43512,0.515891,-8.40005,3.54613,0.0596845
397,5.56596,0,0,-16.9845,1.35262,-12.2825,8.11773,0.00438345
398,1.41806,0,0,-4.32719,0.363086,-9.05447,2.68738,0.101146
399,9.03561,0,0,-27.5721,1.87195,-14.8966,11.7139,0.000620352
400,0,0.628683,Infinite,1.91842,0.435436,-10.0838,0.729557,0.393027
401,1.3947,0,0,-4.25592,0.372779,-8.27585,2.59917,0.10692
402,2.26799,0,0,-6.92076,0.759268,-13.3318,4.28981,0.0383414
403,0,0.620468,Infinite,1.89335,0.416749,-10.8473,0.790204,0.374039
404,0,0.472409,Infinite,1.44155,0.347472,-11.9639,0.610421,0.434629
405,0,0.494167,Infinite,1.50795,0.370609,-10.4669,0.57329,0.448954
406,0,0,Undefined,0,0,0,0,1
407,2.41976,0,0,-7.38389,0.77446,-11.3516,4.45985,0.0347006
408,0,0,Undefined,0,0,0,0,1
409,0,0.583117,Infinite,1.77938,0.418617,-7.56069,0.659597,0.416702
410,1.41156,0,0,-4.30735,0.419792,-8.46757,2.38862,0.122221
411,0,0.615651,Infinite,1.87866,0.391826,-15.291,0.896659,0.343679
412,0,0,Undefined,0,0,0,0,1
413,0,0,Undefined,0,0,0,0,1
414,1.37938,0,0,-4.20916,0.343653,-10.0222,2.74252,0.0977104
415,1.63744,0,0,-4.99664,0.418723,-9.40454,2.66858,0.102347
416,1.72621,0,0,-5.26752,0.436014,-7.98805,2.68327,0.101407
417,0.62903,0,0,-1.91948,0.392147,-9.54049,0.939703,0.332354
418,0,0,Undefined,0,0,0,0,1
419,1.57474,0,0,-4.8053,0.422109,-8.4655,2.58001,0.108221
420,2.33199,0,0,-7.11606,0.770715,-10.7746,4.37798,0.0364061
421,0,0,Undefined,0,0,0,0,1
422,0,0,Undefined,0,0,0,0,1
423,0,0.893557,Infinite,2.72668,0.492767,-9.67634,1.16368,0.280704
424,1.24019,0,0,-3.78444,0.40874,-6.43958,2.208,0.137297
425,1.22162,0,0,-3.72778,0.40624,-7.44262,2.18611,0.139261
426,0,0,Undefined,0,0,0,0,1
427,2.52236,0,0,-7.69697,0.823213,-14.2653,4.36882,0.0366022
428,0,0,Undefined,0,0,0,0,1
429,0,0,Undefined,0,0,0,0,1
430,2.62671,0,0,-8.01537,0.833558,-9.90739,4.51995,0.0335019
431,0,0,Undefined,0,0,0,0,1
432,1.68367,1.08343,0.643,-1.8316,1.23188,-15.7817,0.117066,0.732238
433,0,0,Undefined,0,0,0,0,1
434,1.29631,0,0,-3.95569,0.35573,-7.62517,2.5676,0.109073
435,1.44265,0,0,-4.40224,0.403707,-7.77123,2.50855,0.11323
436,1.53648,0,0,-4.68857,0.428491,-6.23217,2.52969,0.111722
437,1.46628,0,0,-4.47435,0.436082,-9.05542,2.38156,0.122775
438,0,0,Undefined,0,0,0,0,1
439,0,0,Undefined,0,0,0,0,1
440,4.22849,0,0,-12.9032,1.06212,-16.4316,7.89434,0.00495896
441,0,0,Undefined,0,0,0,0,1
442,0,0,Undefined,0,0,0,0,1
443,0,0,Undefined,0,0,0,0,1
444,4.70412,0.613408,0.13,-12.4828,1.76894,-21.9345,3.51437,0.0608389
445,0,0,Undefined,0,0,0,0,1
446,2.9424,0,0,-8.97872,0.858081,-11.5553,4.74685,0.029352
447,0,0,Undefined,0,0,0,0,1
448,0,0,Undefined,0,0,0,0,1
449,1.53648,0,0,-4.68857,0.428491,-6.23217,2.52969,0.111722
450,0,0,Undefined,0,0,0,0,1
451,1.33092,0,0,-4.06128,0.376138,-14.2157,2.48923,0.114628
452,1.49709,0,0,-4.56835,0.440399,-8.88824,2.39892,0.121419
453,1.23029,0,0,-3.75421,0.392502,-9.67281,2.25938,0.132807
454,0,0,Undefined,0,0,0,0,1
455,4.3317,0,0,-13.2182,1.04876,-14.42,8.27833,0.0040121
456,0,0,Undefined,0,0,0,0,1
457,1.42002,0,0,-4.33317,0.42247,-8.27586,2.39125,0.122016
458,0,0,Undefined,0,0,0,0,1
459,0,0,Undefined,0,0,0,0,1
460,0,0,Undefined,0,0,0,0,1
461,0,0,Undefined,0,0,0,0,1
462,1.38587,0,0,-4.22897,0.37277,-11.0151,2.58894,0.107612
463,1.41058,0,0,-4.30436,0.40149,-7.51639,2.48663,0.114817
464,1.4378,0,0,-4.38743,0.493961,-6.93041,2.11357,0.145998
465,4.00409,0,0,-12.2184,0.40266,-7.42927,4.4789,0.0343159
466,0,0,Undefined,0,0,0,0,1
467,1.46953,0,0,-4.48425,0.354571,-9.4575,2.78905,0.0949104
468,0,0,Undefined,0,0,0,0,1
469,0.701175,0,0,-2.13963,0.424774,-10.4231,0.994991,0.318525
470,1.46947,0,0,-4.48408,0.427318,-9.82883,2.41812,0.119939
471,0,0,Undefined,0,0,0,0,1
472,0,0,Undefined,0,0,0,0,1
473,2.29998,0,0,-7.01838,0.723212,-14.4036,4.55469,0.0328288
474,0,0,Undefined,0,0,0,0,1
475,0,0,Undefined,0,0,0,0,1
476,0,0,Undefined,0,0,0,0,1
477,0,0,Undefined,0,0,0,0,1
478,3.39187,0,0,-10.3503,0.861229,-10.595,5.30762,0.0212324
479,0,0,Undefined,0,0,0,0,1
480,1.4378,0,0,-4.38743,0.431541,-7.10928,2.38271,0.122684
481,3.78463,0,0,-11.5488,1.36617,-11.6359,3.84431,0.0499149
482,2.68274,0,0,-8.18636,1.51659,-15.7795,3.61063,0.0574114
483,1.1346,0,0,-3.46223,0.379527,-8.15375,2.17163,0.140577
484,1.36908,0,0,-4.17772,0.359692,-10.1732,2.63601,0.104466
485,0,0,Undefined,0,0,0,0,1
486,0,0,Undefined,0,0,0,0,1
487,1.15811,0,0,-3.53396,0.33801,-9.01797,2.43464,0.118681
488,3.76944,0,0,-11.5024,0.918704,-10.7167,5.46276,0.0194259
489,0,0,Undefined,0,0,0,0,1
490,0,0,Undefined,0,0,0,0,1
491,2.07195,0,0,-6.32254,0.649994,-10.5162,4.59292,0.0321043
492,0,0,Undefined,0,0,0,0,1
493,2.73885,0,0,-8.35758,0.839143,-11.2707,4.60608,0.0318587
494,0,0,Undefined,0,0,0,0,1
495,4.75047,0,0,-14.496,1.16495,-14.9761,8.20124,0.00418617
496,0,0,Undefined,0,0,0,0,1
497,0,0,Undefined,0,0,0,0,1
498,0,0,Undefined,0,0,0,0,1
499,0,0,Undefined,0,0,0,0,1
500,0.78875,0,0,-2.40687,0.452077,-9.19797,1.10197,0.293835
501,1.19045,0,0,-3.63265,0.459286,-9.67476,1.87346,0.171079
502,1.41055,0,0,-4.30428,0.374722,-7.9939,2.6212,0.105445
503,0,0,Undefined,0,0,0,0,1
504,3.26325,0,0,-9.9578,1.12563,-17.0746,6.18741,0.0128662
505,0,0,Undefined,0,0,0,0,1
506,1.71249,0,0,-5.22565,0.445898,-9.16756,2.63639,0.104441
507,0,0,Undefined,0,0,0,0,1
508,1.52923,0,0,-4.66645,0.380509,-8.03227,2.73892,0.0979309
509,0,0,Undefined,0,0,0,0,1
510,0,0,Undefined,0,0,0,0,1
511,0,0,Undefined,0,0,0,0,1
512,1.38617,0,0,-4.22988,0.373096,-6.86546,2.60376,0.10661
513,0,0,Undefined,0,0,0,0,1
514,0,0,Undefined,0,0,0,0,1
515,3.74807,0,0,-11.4372,1.03078,-16.1603,7.57174,0.00592905
516,1.23029,0,0,-3.75421,0.388835,-8.54291,2.28064,0.130998
517,0,0,Undefined,0,0,0,0,1
518,0,0,Undefined,0,0,0,0,1
519,2.87198,0,0,-8.76383,0.835633,-13.6177,4.7711,0.0289414
520,0,0,Undefined,0,0,0,0,1
521,0,0,Undefined,0,0,0,0,1
522,0,0,Undefined,0,0,0,0,1
523,0,0,Undefined,0,0,0,0,1
524,3.03601,0,0,-9.26437,0.859645,-9.61218,4.95308,0.0260442
525,0,0,Undefined,0,0,0,0,1
526,0.985599,0,0,-3.00755,0.342977,-9.69368,2.09255,0.148019
527,0,0,Undefined,0,0,0,0,1
528,0,0,Undefined,0,0,0,0,1
529,1.60838,0,0,-4.90797,0.425125,-7.37259,2.61923,0.105575
530,0,0,Undefined,0,0,0,0,1
531,2.32552,0.51918,0.223,-5.51204,0.897081,-16.7295,1.15606,0.282284
532,0,0,Undefined,0,0,0,0,1
533,0,0,Undefined,0,0,0,0,1
534,0.769014,1.4815,1.926,2.17414,1.12838,-24.212,0.293218,0.588166
535,1.43756,0.638014,0.444,-2.4398,0.883778,-15.4096,0.312994,0.575848
536,0,0,Undefined,0,0,0,0,1
537,0,0,Undefined,0,0,0,0,1
538,2.8819,0,0,-8.79411,0.861112,-13.2967,4.73755,0.0295111
539,5.77136,0,0,-17.6113,1.74166,-17.5821,8.99218,0.00271138
540,0,0,Undefined,0,0,0,0,1
541,1.17571,0,0,-3.58768,0.386963,-7.78164,2.2068,0.137404
542,2.02998,0.597485,0.294,-4.37125,1.13115,-16.1837,1.0361,0.308731
543,0,0,Undefined,0,0,0,0,1
544,1.17518,0,0,-3.58607,0.402248,-9.26094,2.12239,0.14516
545,7.84089,0,0,-23.9264,0.407996,-10.3541,5.88513,0.0152693
546,0,0,Undefined,0,0,0,0,1
547,4.24439,0,0,-12.9517,1.21166,-13.7107,7.15119,0.00749144
548,5.26E-06,0.378101,71851.311,1.15376,0.377918,-10.0816,0.000782974,0.977677
549,0,2.2582,Infinite,6.89087,1.47463,-19.7336,2.76345,0.0964401
550,4.10E-17,1.06865,2.60906E+16,3.26099,0.420862,-11.6091,1.84213,0.174701
551,1.50606,0.518242,0.344,-3.01431,0.770027,-17.9955,0.526317,0.468159
552,0,0,Undefined,0,0,0,0,1
553,0.952821,0.468158,0.491,-1.47895,0.628113,-21.3967,0.242534,0.622382
554,7.99476,0,0,-24.396,0.407348,-9.1356,5.91991,0.0149707
555,2.79127,0,0,-8.51754,0.736563,-11.3501,5.21069,0.0224485
556,1.69465,0,0,-5.1712,0.658091,-10.3968,1.84187,0.174732
557,0,0.570473,Infinite,1.7408,0.371476,-10.425,0.84944,0.356711
558,0,0.503076,Infinite,1.53513,0.363895,-10.6474,0.644134,0.422218
559,0,0,Undefined,0,0,0,0,1
560,2.62279,0,0,-8.00343,0.706707,-14.453,5.07062,0.0243347
561,0,0,Undefined,0,0,0,0,1
562,2.99791,0,0,-9.14811,0.872867,-10.2578,4.81443,0.0282224
563,2.39224,0,0,-7.29989,1.35884,-18.9388,3.32198,0.0683594
564,3.84728,0,0,-11.74,1.42842,-14.717,5.7911,0.0161076
565,1.1326,1.17586,1.038,0.131996,1.16117,-17.221,0.000889667,0.976205
566,5.8006,0,0,-17.7005,1.52226,-17.2834,10.3337,0.00130621
567,0,0,Undefined,0,0,0,0,1
568,2.66091,0,0,-8.11974,0.823557,-9.61798,4.64781,0.0310931
569,1.18909,0,0,-3.62851,0.354046,-10.058,2.3974,0.121537
570,0.95129,0,0,-2.90286,0.314727,-10.9185,2.19557,0.138408
571,0,0,Undefined,0,0,0,0,1
572,0,0,Undefined,0,0,0,0,1
573,0,0,Undefined,0,0,0,0,1
574,0,0,Undefined,0,0,0,0,1
575,0,0,Undefined,0,0,0,0,1
576,0,0,Undefined,0,0,0,0,1
577,0,0,Undefined,0,0,0,0,1
578,2.74981,0,0,-8.39103,0.74058,-13.3683,5.103,0.0238845
579,0,0,Undefined,0,0,0,0,1
580,1.6928,0,0,-5.16558,0.435009,-8.23535,2.66332,0.102686
581,0,0,Undefined,0,0,0,0,1
582,0,0,Undefined,0,0,0,0,1
583,0,0,Undefined,0,0,0,0,1
584,0,0,Undefined,0,0,0,0,1
585,0.960253,0,0,-2.93021,0.371984,-10.2758,1.88091,0.17023
586,2.07166,0,0,-6.32166,0.769216,-10.8876,3.92279,0.0476359
587,0,0,Undefined,0,0,0,0,1
588,0,0,Undefined,0,0,0,0,1
589,2.06988,0,0,-6.31622,0.765436,-12.2569,3.9057,0.0481225
590,0,0,Undefined,0,0,0,0,1
591,1.18945,0,0,-3.62961,0.589089,-11.1531,1.38535,0.239191
592,1.24087,0,0,-3.78651,0.388107,-10.6805,2.29525,0.12977
593,1.20654,0,0,-3.68175,0.405684,-7.98229,2.15682,0.141938
594,0,0,Undefined,0,0,0,0,1
595,0,0,Undefined,0,0,0,0,1
596,0,0,Undefined,0,0,0,0,1
597,0,0,Undefined,0,0,0,0,1
598,1.46612,0,0,-4.47385,0.347978,-10.8215,2.82487,0.0928145
599,0,0,Undefined,0,0,0,0,1
600,1.32569,0,0,-4.04533,0.395284,-9.48694,2.39112,0.122026
601,0,0,Undefined,0,0,0,0,1
602,0,0.577748,Infinite,1.76299,0.355716,-9.51882,0.959908,0.32721
603,5.15857,0,0,-15.7413,1.35767,-12.724,7.68042,0.00558232
604,0,0,Undefined,0,0,0,0,1
605,0,0,Undefined,0,0,0,0,1
606,1.43783,0,0,-4.38752,0.412624,-6.45689,2.47232,0.115867
607,0,0,Undefined,0,0,0,0,1
608,1.06875,0,0,-3.26128,0.326379,-12.1986,2.34984,0.125296
609,0,0,Undefined,0,0,0,0,1
610,1.69271,0,0,-5.1653,0.434916,-9.06785,2.66351,0.102674
611,0,0,Undefined,0,0,0,0,1
612,1.63225,0,0,-4.98079,0.446535,-8.50692,2.53949,0.11103
613,1.56006,0,0,-4.76052,0.430985,-8.18605,2.53121,0.111615
614,0,1.86716,Infinite,5.69762,1.18188,-18.2636,2.66876,0.102336
615,0,0.621347,Infinite,1.89604,0.44652,-9.47392,0.654787,0.418406
616,1.37223,0,0,-4.18735,0.403917,-10.1635,2.41069,0.120509
617,1.69024,0,0,-5.15776,0.434813,-8.5562,2.6614,0.10281
618,1.6239,1.48104,0.912,-0.435939,1.51577,-23.7418,0.00617087,0.937387
619,0,0,Undefined,0,0,0,0,1
620,0.966727,0,0,-2.94996,0.324723,-11.4805,2.16274,0.141392
621,0,0,Undefined,0,0,0,0,1
622,2.70227,0,0,-8.24595,0.741668,-9.99326,5.09403,0.0240083
623,1.17831,0,0,-3.5956,0.40257,-8.58039,2.12605,0.144814
624,0,0,Undefined,0,0,0,0,1
625,0,0,Undefined,0,0,0,0,1
626,0,0,Undefined,0,0,0,0,1
627,2.60928,0,0,-7.96219,0.726904,-14.9357,4.98735,0.0255333
628,0,0.570452,Infinite,1.74073,0.370227,-10.6522,0.855935,0.354879
629,1.71539,0,0,-5.23449,0.43636,-10.1542,2.68146,0.101523
630,0,0,Undefined,0,0,0,0,1
631,0,0,Undefined,0,0,0,0,1
632,0,0,Undefined,0,0,0,0,1
633,0,0,Undefined,0,0,0,0,1
634,1.29634,0,0,-3.95576,0.366261,-7.05339,2.51036,0.1131
635,0,0,Undefined,0,0,0,0,1
636,0,0,Undefined,0,0,0,0,1
637,2.82945,0,0,-8.63404,0.815902,-12.8723,4.88005,0.0271688
638,1.04685,0,0,-3.19446,0.352612,-12.274,2.15811,0.141819
639,9.93513,0,0,-30.317,2.31866,-25.3384,17.5027,2.87E-05
640,0,0,Undefined,0,0,0,0,1
641,0.70382,0,0,-2.1477,0.425693,-10.6907,0.99804,0.317785
642,1.37519,0,0,-4.19639,0.343411,-9.01152,2.73825,0.0979718
643,1.17513,0,0,-3.58591,0.410375,-9.13841,2.08287,0.148959
644,1.31765,0,0,-4.0208,0.398632,-8.84887,2.35845,0.124606
645,1.26379,0,0,-3.85644,0.387973,-8.57915,2.33202,0.126738
646,0,0,Undefined,0,0,0,0,1
647,2.42538,0,0,-7.40102,0.789195,-12.8207,4.3735,0.0365019
648,3.10435,0.618031,0.199,-7.587,1.36159,-18.0762,1.92678,0.165111
649,0.712174,0,0,-2.17319,0.428295,-10.0032,1.00952,0.315018
650,0,0,Undefined,0,0,0,0,1
651,1.12895,0,0,-3.44499,0.326967,-7.11104,2.46721,0.116244
652,1.35557,0,0,-4.13652,0.378041,-9.17308,2.51494,0.112772
653,0,0,Undefined,0,0,0,0,1
654,0,0,Undefined,0,0,0,0,1
655,1.93609,0,0,-5.90798,1.015,-12.453,2.57777,0.108374
656,3.47392,0,0,-10.6006,0.889021,-9.13703,5.3481,0.0207448
657,0,0,Undefined,0,0,0,0,1
658,1.13068,0,0,-3.45027,0.393223,-9.95642,2.0877,0.148489
659,0,0,Undefined,0,0,0,0,1
660,0,0,Undefined,0,0,0,0,1
661,0,0,Undefined,0,0,0,0,1
662,0,0,Undefined,0,0,0,0,1
663,1.14139,0,0,-3.48294,0.355243,-7.05451,2.32275,0.127494
664,1.69863,0,0,-5.18335,0.444849,-9.12199,2.6256,0.105152
665,0.699634,0,0,-2.13493,0.424172,-9.70128,0.993543,0.318878
666,1.26376,0,0,-3.85635,0.409344,-9.22798,2.22355,0.13592
667,1.00011,0,0,-3.05181,0.377796,-8.66142,1.93012,0.164745
668,1.29072,0,0,-3.93863,0.393363,-6.61745,2.35929,0.124539
669,0,0,Undefined,0,0,0,0,1
670,1.53648,0,0,-4.68857,0.642365,-6.881,1.72197,0.18944
671,0,0,Undefined,0,0,0,0,1
672,1.32958,0,0,-4.05721,0.415762,-10.4656,2.28945,0.130256
673,0,0,Undefined,0,0,0,0,1
674,0,0,Undefined,0,0,0,0,1
675,2.47373,0,0,-7.54857,0.801274,-9.44047,4.44726,0.0349573
676,1.2698,0,0,-3.87479,0.41879,-11.0368,2.18553,0.139313
677,0,0,Undefined,0,0,0,0,1
678,0,0,Undefined,0,0,0,0,1
679,0,0,Undefined,0,0,0,0,1
680,2.10022,0,0,-6.40879,0.653065,-10.2426,4.63124,0.0313948
681,0,0,Undefined,0,0,0,0,1
682,0,0,Undefined,0,0,0,0,1
683,1.31634,0,0,-4.01679,0.415684,-13.9983,2.27064,0.131845
684,0,0,Undefined,0,0,0,0,1
685,2.60634,0,0,-7.95322,0.726061,-12.7219,4.99397,0.0254358
686,0.816374,0,0,-2.49116,0.457839,-9.01145,1.14351,0.284912
687,0,0,Undefined,0,0,0,0,1
688,0,0,Undefined,0,0,0,0,1
689,0,0,Undefined,0,0,0,0,1
690,0,0,Undefined,0,0,0,0,1
691,0,0,Undefined,0,0,0,0,1
692,0,0,Undefined,0,0,0,0,1
693,0,0,Undefined,0,0,0,0,1
694,0,0,Undefined,0,0,0,0,1
695,0,0,Undefined,0,0,0,0,1
696,0,0,Undefined,0,0,0,0,1
697,0,0,Undefined,0,0,0,0,1
698,0,0,Undefined,0,0,0,0,1
699,0,0,Undefined,0,0,0,0,1
700,0,0,Undefined,0,0,0,0,1
701,0,0,Undefined,0,0,0,0,1
702,0,0,Undefined,0,0,0,0,1
703,0,0,Undefined,0,0,0,0,1
704,2.44356,0,0,-7.4565,0.671247,-12.2233,5.12265,0.0236156
705,1.35769,0,0,-4.14298,0.378654,-11.6059,2.52019,0.112397
706,0,0,Undefined,0,0,0,0,1
707,0,0,Undefined,0,0,0,0,1
708,0,0,Undefined,0,0,0,0,1
709,0,0,Undefined,0,0,0,0,1
710,0,0,Undefined,0,0,0,0,1
711,0.954376,0,0,-2.91227,0.371116,-9.77315,1.87361,0.171062
712,0,0,Undefined,0,0,0,0,1
713,0,0,Undefined,0,0,0,0,1
714,0,0,Undefined,0,0,0,0,1
715,0.661437,0,0,-2.01837,0.404389,-10.9754,0.9774,0.322841
716,0,0,Undefined,0,0,0,0,1