Codon,alpha,beta,beta-alpha,Posterior Prob Positive Selection,Posterior Prob Negative Selection,Potential Scale Reduction Factor,Effective sample size,Estimated variance of the posterior prob of positive selection,Empirical Bayes Factor
1,0.506458,0.00492655,-0.501532,0.00991701,0.90835552,1.012876431,285.6227158,6.11E-05,0.0479589
2,0.566009,0.00797022,-0.558038,6.91E-06,0.999984667,1.016334977,240.5715263,5.00E-12,3.31E-05
3,0.138343,0.00997504,-0.128368,0.0160246,0.961891897,1.008694168,370.4728737,6.12E-05,0.0779765
4,0.239009,0.0866321,-0.152377,0.0708803,0.897608103,0.998945814,1264.317454,0.000291615,0.36527
5,0.0448154,0.00540139,-0.039414,0.0619044,0.576850556,1.020999931,198.7840959,0.002218537,0.315962
6,0.214846,0.0649069,-0.149939,0.0609058,0.900302922,1.000491526,911.3688965,0.00032534,0.310535
7,0.327662,0.00704981,-0.320612,0.000505228,0.998894738,0.997159176,2298.264506,2.75E-08,0.00242029
8,0.0684117,0.00741626,-0.0609955,0.0627288,0.650538031,1.017863695,225.0000433,0.001678379,0.320451
9,0.052206,0.00550139,-0.0467046,0.0574601,0.607364444,1.019740242,208.5155036,0.00186576,0.291895
10,0.245587,0.00964141,-0.235946,0.00428877,0.990490623,1.002301789,687.6701762,2.46E-06,0.0206234
11,0.138812,0.00823099,-0.130581,0.0115163,0.96915794,1.008630187,372.1749678,3.96E-05,0.0557832
12,0.0453015,0.00789522,-0.0374063,0.0836219,0.564947878,1.021591631,194.5312152,0.002904378,0.436924
13,0.216073,0.00733889,-0.208734,0.00290063,0.99196567,1.006410727,443.0225264,1.85E-06,0.0139288
14,0.706466,0.0120543,-0.694412,1.06E-06,0.999997504,1.006193403,451.4683372,1.64E-13,5.08E-06
15,0.821346,0.146885,-0.674461,0.00391496,0.991855795,0.999922803,1015.524081,3.52E-06,0.0188188
16,0.434016,0.00576099,-0.428255,5.19E-05,0.999893138,1.01828326,221.0838322,2.62E-10,0.000248562
17,0.148973,0.0078569,-0.141116,0.00966949,0.973317869,1.008337819,380.1604736,2.87E-05,0.0467502
18,0.0451309,0.00695785,-0.038173,0.0758368,0.56925185,1.021383246,196.007236,0.00267998,0.392909
19,0.0580008,0.0599156,0.00191482,0.51756,0.34272894,1.008531073,374.8434515,0.017299449,5.13663
20,0.0453015,0.00789522,-0.0374063,0.0836219,0.564947878,1.021591631,194.5312152,0.002904378,0.436924
21,0.0683248,0.00704026,-0.0612846,0.0601164,0.652046646,1.01786972,224.9427974,0.001618712,0.306252
22,0.0448767,0.00568884,-0.0391879,0.064574,0.575404286,1.021075773,198.2281961,0.002312442,0.330528
23,0.403861,0.00667117,-0.397189,0.000186373,0.999636991,1.011997421,299.9927895,2.95E-09,0.000892535
24,0.447682,0.00552762,-0.442155,0.000159645,0.999482057,1.002431173,675.8480747,5.39E-09,0.000764515
25,0.682536,0.0110435,-0.671493,1.21E-06,0.999997162,1.007735126,397.7778038,1.94E-13,5.80E-06
26,0.158402,0.0188553,-0.139547,0.0370192,0.936186427,1.006727553,431.2700511,0.000136296,0.184065
27,0.216962,0.0575674,-0.159394,0.0437952,0.922078055,1.001388899,784.6644366,0.000216444,0.219299
28,0.921231,0.0449673,-0.876264,9.20E-05,0.999802025,1.005945236,461.5225084,1.72E-09,0.000440445
29,0.0684117,0.00741626,-0.0609955,0.0627288,0.650538031,1.017863695,225.0000433,0.001678379,0.320451
30,1.93253,0.0159093,-1.91662,2.65E-11,1,1.000486292,912.2292084,2.56E-22,1.27E-10
31,0.216932,0.0085306,-0.208402,0.00400415,0.990046968,1.005529001,479.4485533,2.88E-06,0.0192492
32,0.0580363,0.00593912,-0.0520972,0.0575834,0.62562584,1.019009094,214.631982,0.00174687,0.29256
33,0.149009,0.00723836,-0.14177,0.00836318,0.975622535,1.00836572,379.3833321,2.36E-05,0.0403812
34,0.0525716,0.00708748,-0.0454841,0.0705991,0.600084424,1.019957928,206.7636356,0.002257629,0.363711
35,0.395246,0.0062963,-0.38895,0.000202198,0.999571471,1.004834067,512.7549194,3.88E-09,0.000968336
36,0.0553201,0.00676355,-0.0485565,0.0660126,0.611817521,1.019485746,210.603079,0.002052458,0.338413
37,0.582743,0.0454725,-0.53727,0.000459866,0.999055058,1.011378008,311.0447642,3.43E-08,0.00220288
38,0.246777,0.00890378,-0.237873,0.00358375,0.991666101,1.002769553,646.7879166,1.89E-06,0.017221
39,0.217291,0.0103439,-0.206947,0.00601288,0.986792849,1.004283809,542.6598803,5.04E-06,0.0289643
40,0.242839,0.00972909,-0.23311,0.00444924,0.990165952,1.002463257,672.9797904,2.64E-06,0.0213985
41,0.353232,0.0056507,-0.347582,0.00021378,0.999495536,0.99875587,1327.665545,5.47E-09,0.00102381
42,0.190605,0.0661627,-0.124442,0.0830673,0.865534259,1.001540262,766.713195,0.0006094,0.433763
43,0.506458,0.00492655,-0.501532,0.00991701,0.90835552,1.012876431,285.6227158,6.11E-05,0.0479589
44,0.237738,0.0607255,-0.177013,0.0414344,0.929309072,1.000601415,893.6766892,0.000167067,0.206966
45,0.609587,0.0153622,-0.594225,0.0310234,0.894217975,1.00957029,348.6679697,0.000157185,0.153298
46,0.208976,0.0164028,-0.192573,0.0121148,0.979160383,1.002288457,688.9122243,1.21E-05,0.058718
47,0.0570281,0.00752716,-0.049501,0.0707378,0.614192764,1.019310559,212.065492,0.002131707,0.36448
48,0.0524743,0.00550463,-0.0469696,0.0573205,0.608325266,1.019703327,208.8156374,0.001855338,0.291143
49,0.072301,0.0582639,-0.0140371,0.451607,0.414723497,1.007851381,394.2510492,0.015458363,3.94303
50,0.0528079,0.00693933,-0.0458686,0.0692201,0.601735368,1.019897398,207.2476909,0.002211459,0.356079
51,0.131431,0.00771184,-0.123719,0.0110412,0.969132208,1.008896543,365.1921986,4.02E-05,0.0534564
52,0.347604,0.0117792,-0.335825,0.00155399,0.997431355,1.003189512,614.056406,1.65E-07,0.00745219
53,0.0526649,0.00630092,-0.046364,0.0640479,0.604617756,1.019812776,207.9283585,0.002063761,0.327651
54,0.139098,0.00862108,-0.130477,0.0124334,0.967658576,1.008628231,372.2272466,4.38E-05,0.0602816
55,0.0328331,0.0115086,-0.0213244,0.12918,0.477284216,1.027020818,162.8443854,0.00510391,0.710276
56,0.137944,0.0068581,-0.131085,0.00841601,0.974504874,1.008613689,372.6164629,2.62E-05,0.0406385
57,0.158794,0.00927265,-0.149521,0.0119098,0.970553178,1.007970223,390.711101,3.44E-05,0.0577124
58,0.299745,0.00809831,-0.291647,0.00128152,0.997184146,0.99708375,2380.687624,1.87E-07,0.00614391
59,0.226963,0.00769653,-0.219266,0.00297589,0.992152289,1.005372824,486.5454071,1.74E-06,0.0142913
60,0.13596,0.0152205,-0.120739,0.0249665,0.953232165,1.004906984,509.0410957,7.77E-05,0.122602
61,0.595054,0.00939367,-0.585661,8.66E-06,0.999981669,1.01562211,248.6216625,8.42E-12,4.14E-05
62,0.162124,0.00732023,-0.154804,0.00764916,0.977950542,1.008140068,385.762971,1.88E-05,0.036907
63,0.493342,0.00641296,-0.486929,1.68E-05,0.9999645,1.022346817,189.3705293,2.96E-11,8.03E-05
64,0.239326,0.00725371,-0.232072,0.00239073,0.993526422,1.004774483,515.8308104,1.15E-06,0.0114744
65,0.052206,0.00550139,-0.0467046,0.0574601,0.607364444,1.019740242,208.5155036,0.00186576,0.291895
66,0.0453015,0.00789522,-0.0374063,0.0836219,0.564947878,1.021591631,194.5312152,0.002904378,0.436924
67,0.0448154,0.00540139,-0.039414,0.0619044,0.576850556,1.020999931,198.7840959,0.002218537,0.315962
68,0.102673,0.112472,0.00979922,0.524023,0.392519822,1.005840212,465.9158642,0.005070028,5.27139
69,0.204294,0.00905108,-0.195243,0.00498275,0.98792064,1.006088221,455.6747712,4.38E-06,0.0239772
70,0.162371,0.00756742,-0.154804,0.00810339,0.977165271,1.008107818,386.6926641,2.02E-05,0.0391166
71,0.0571187,0.00795227,-0.0491664,0.0738819,0.612399401,1.019344621,211.7795091,0.002208016,0.381973
72,0.193254,0.0211306,-0.172123,0.0274134,0.956231965,1.001803747,737.3663943,5.00E-05,0.134957
73,0.0528736,0.00724328,-0.0456303,0.0716273,0.600386344,1.019935203,206.9450865,0.002277329,0.369417
74,0.210365,0.0163365,-0.194029,0.0118932,0.97952273,1.002138489,703.2020164,1.16E-05,0.0576311
75,0.0583626,0.0154795,-0.0428831,0.121528,0.584175287,1.019970181,206.6659335,0.00302397,0.662385
76,0.0486815,0.0085999,-0.0400816,0.0860065,0.576303392,1.020989485,198.8609109,0.002817923,0.450556
77,0.057644,0.0066332,-0.0510108,0.0633779,0.620843509,1.019124482,213.642064,0.001920209,0.323992
78,0.456613,0.00700425,-0.449609,7.38E-05,0.999858671,1.022716126,186.9491569,5.51E-10,0.00035362
79,0.0580363,0.00593912,-0.0520972,0.0575834,0.62562584,1.019009094,214.631982,0.00174687,0.29256
80,0.203487,0.0086557,-0.194831,0.0045644,0.988600956,1.006378506,444.2543654,3.90E-06,0.0219549
81,0.320442,0.0989773,-0.221465,0.0540436,0.922854347,1.001704096,748.1946901,0.000179873,0.273548
82,0.0728748,0.0591705,-0.0137043,0.453274,0.414253104,1.007819331,395.2169381,0.015075576,3.96964
83,0.130052,0.00718947,-0.122862,0.00990202,0.970977988,1.008903732,365.007422,3.51E-05,0.0478857
84,0.374508,0.00705659,-0.367452,0.000308338,0.999406591,1.006841761,427.1876098,7.89E-09,0.0014768
85,0.31504,0.00745226,-0.307588,0.000939946,0.997892221,0.997021304,2453.551663,1.02E-07,0.00450476
86,0.148313,0.00883034,-0.139483,0.0119207,0.969500129,1.008304614,381.0895852,3.80E-05,0.057766
87,0.364394,0.00642158,-0.357973,0.000300755,0.999357808,1.000992251,835.9989556,8.91E-09,0.00144047
88,0.286811,0.00838338,-0.278428,0.00151169,0.996660194,0.997590451,1918.724953,2.70E-07,0.00724902
89,0.399595,0.00608369,-0.393511,0.000137335,0.999719877,1.010083644,337.0676448,1.72E-09,0.000657658
90,0.499661,0.00679212,-0.492869,1.99E-05,0.999958631,1.022058159,191.3091167,4.09E-11,9.51E-05
91,0.400266,0.00575156,-0.394514,0.000109045,0.999771191,1.009603327,347.8969082,1.13E-09,0.00052217
92,0.308653,0.00749052,-0.301162,0.000988607,0.997760224,0.997102016,2360.186911,1.16E-07,0.0047382
93,0.506458,0.00492655,-0.501532,0.00991701,0.90835552,1.012876431,285.6227158,6.11E-05,0.0479589
94,0.238059,0.00889644,-0.229162,0.00378585,0.991083264,1.003542744,589.0137797,2.21E-06,0.0181958
95,1.02746,0.0408349,-0.986627,4.17E-07,0.999998775,1.002483479,671.1846038,4.85E-14,2.00E-06
96,2.52779,0.0103562,-2.51743,1.46E-16,1,1.004579411,526.1682251,2.23E-32,6.98E-16
97,0.39915,0.00528753,-0.393863,6.85E-05,0.999856347,1.012688326,288.5778183,4.66E-10,0.000328201
98,0.224377,0.203151,-0.0212266,0.404081,0.514129138,1.00261019,660.152654,0.003402366,3.2467
99,0.376325,0.00994519,-0.366379,0.000771427,0.998699155,1.00909133,360.252629,4.85E-08,0.0036965
100,0.870056,0.0189984,-0.851057,1.09E-06,0.999997463,0.999841722,1032.360967,2.18E-13,5.21E-06
101,1.01776,0.039973,-0.977783,7.91E-08,0.999999713,1.000709911,876.8753653,2.01E-15,3.79E-07
102,0.339675,0.00701955,-0.332656,0.000675056,0.998499889,0.997626213,1892.823375,4.98E-08,0.0032344
103,0.793597,0.0555408,-0.738057,0.000756988,0.998483061,1.002982715,629.7444449,9.66E-08,0.00362726
104,0.33668,0.00712232,-0.329558,0.0007192,0.998408897,0.997494346,1991.994142,5.63E-08,0.00344606
105,3.60061,0.019028,-3.58159,4.78E-27,1,1.017051784,233.0014417,4.89E-53,2.29E-26
106,0.800556,0.0160322,-0.784524,2.80E-06,0.999993946,1.000635411,888.3427327,1.07E-12,1.34E-05
107,0.175801,0.00458315,-0.171218,0.0195765,0.833706966,1.013994628,269.2633951,0.000232033,0.0956055
108,0.149103,0.00687757,-0.142225,0.00762292,0.976977424,1.008379086,379.0121898,2.08E-05,0.0367794
109,0.30989,0.00645868,-0.303431,0.000650669,0.998371482,0.997696935,1843.613873,6.07E-08,0.00311748
110,0.587424,0.010523,-0.576901,3.55E-05,0.99993086,1.014531161,262.0785263,1.24E-10,0.000170114
111,0.988846,0.0410392,-0.947807,5.36E-06,0.99998677,1.005404096,485.1073658,7.36E-12,2.57E-05
112,0.370022,0.00521374,-0.364809,0.000105013,0.999759662,1.002411796,677.5923906,1.23E-09,0.000502864
113,1.02172,0.0406585,-0.981065,1.10E-06,0.999997105,1.0046452,522.6352211,3.19E-13,5.27E-06
114,0.395369,0.00660435,-0.388764,0.000240291,0.999504691,1.005443228,483.3199393,5.20E-09,0.0011508
115,0.384493,0.0548829,-0.32961,0.00409404,0.992506282,1.005770303,468.8877929,2.09E-06,0.0196831
116,1.07889,0.0383004,-1.04059,4.60E-09,0.99999998,1.001430324,779.6676525,7.26E-18,2.20E-08
117,0.130348,0.00993863,-0.12041,0.0171447,0.959107915,1.009186868,357.8794442,7.25E-05,0.083522
118,0.0580871,0.00614314,-0.051944,0.0592123,0.624719195,1.019024048,214.5031561,0.001793623,0.301357
119,0.630576,0.0109768,-0.619599,1.12E-05,0.999976754,1.011568265,307.5622002,1.41E-11,5.37E-05
120,0.286057,0.00677047,-0.279287,0.000854001,0.997811816,0.998811246,1308.547086,1.14E-07,0.00409251
121,0.994505,0.0525161,-0.941989,5.11E-06,0.999986335,0.99756144,1940.266,6.23E-12,2.45E-05
122,0.0483801,0.00701629,-0.0413638,0.073443,0.583329988,1.020719463,200.86831,0.00248104,0.379523
123,0.149128,0.00723841,-0.14189,0.00835468,0.975648058,1.008363488,379.4453837,2.35E-05,0.0403398
124,0.0485634,0.00796175,-0.0406017,0.0810434,0.579089612,1.020887682,199.612818,0.002689755,0.422263
125,0.130356,0.00719083,-0.123165,0.00987434,0.97106189,1.00889093,365.3365736,3.49E-05,0.0477505
126,0.162375,0.00756745,-0.154808,0.00810286,0.977166446,1.008108111,386.6841916,2.02E-05,0.039114
127,0.358554,0.00653896,-0.352015,0.000331373,0.999291663,1.000224587,957.4388195,1.09E-08,0.00158717
128,0.506458,0.00492655,-0.501532,0.00991701,0.90835552,1.012876431,285.6227158,6.11E-05,0.0479589
129,0.203478,0.00925104,-0.194227,0.00524875,0.987443406,1.006020922,458.4082591,4.75E-06,0.025264
130,0.695785,0.0131084,-0.682677,4.97E-06,0.999989045,1.00605863,456.872566,3.50E-12,2.38E-05
131,0.356632,0.00504399,-0.351588,0.000830262,0.997059896,1.005985039,459.8793863,2.34E-07,0.00397865
132,0.46573,0.0069833,-0.458747,6.54E-05,0.99987142,1.020081671,205.7813488,3.92E-10,0.00031309
133,0.400008,0.00575872,-0.394249,0.000109773,0.999769434,1.009418549,352.2549299,1.15E-09,0.000525657
134,0.244685,0.00812911,-0.236556,0.00296171,0.992657159,1.003597411,585.3216882,1.48E-06,0.014223
135,0.506458,0.00492655,-0.501532,0.00991701,0.90835552,1.012876431,285.6227158,6.11E-05,0.0479589
136,0.970307,0.0218853,-0.948422,6.83E-08,0.99999981,1.002512774,668.6010394,1.30E-15,3.27E-07
137,0.0480402,0.00544641,-0.0425938,0.0598703,0.590785783,1.020412714,203.2004881,0.002052265,0.304919
138,0.944357,0.0405933,-0.903763,2.51E-05,0.999944064,1.010324653,331.8894129,1.46E-10,0.000119975
139,0.191267,0.0528812,-0.138386,0.047416,0.909101382,1.003325526,604.1623824,0.000326967,0.238332
140,0.387369,0.106913,-0.280455,0.0173068,0.970850368,1.001488986,772.700793,3.11E-05,0.0843257
141,0.36948,0.00722044,-0.36226,0.000426777,0.999152816,1.003028061,626.2352942,1.55E-08,0.00204431
142,0.600977,0.00921342,-0.591763,5.85E-06,0.999987312,1.015033716,255.697539,3.87E-12,2.80E-05
143,0.669891,0.010641,-0.65925,1.32E-06,0.999996906,1.00886569,365.9873073,2.28E-13,6.33E-06
144,0.272684,0.0532366,-0.219447,0.0134827,0.974484315,1.000875588,852.413879,2.26E-05,0.0654382
145,0.409752,0.00564108,-0.404111,7.58E-05,0.999845737,1.015462749,250.4979365,5.52E-10,0.000362811
146,0.347666,0.0117571,-0.335909,0.00154122,0.99744989,1.003186204,614.3011662,1.62E-07,0.00739086
147,0.052737,0.00662137,-0.0461157,0.0666512,0.603167829,1.019858342,207.5612654,0.002138086,0.34192
148,0.652676,0.0109856,-0.641691,5.10E-06,0.999988957,1.009605056,347.8566433,2.99E-12,2.44E-05
149,0.400824,0.00499967,-0.395824,6.16E-05,0.999859814,1.007708653,398.5899107,4.12E-10,0.000294744
150,0.329123,0.00587357,-0.323249,0.000279325,0.999312222,0.997067161,2399.61647,1.04E-08,0.0013378
151,0.161861,0.00827615,-0.153585,0.00953207,0.974668146,1.00803355,388.8510988,2.52E-05,0.0460795
152,0.397631,0.0066124,-0.391019,0.000234583,0.999516855,1.0057245,470.8558657,4.94E-09,0.00112346
153,0.698077,0.0178036,-0.680273,0.00011984,0.999773582,1.002572095,663.4306094,1.62E-09,0.000573871
154,0.0516498,0.00601899,-0.0456308,0.0623804,0.602113794,1.019936131,206.9376725,0.00203905,0.318553
155,0.138191,0.00721859,-0.130972,0.00920005,0.973101277,1.008619428,372.4627704,2.95E-05,0.0444595
156,0.250715,0.00884112,-0.241873,0.00344616,0.991995483,1.002477173,671.7433929,1.73E-06,0.0165575
157,2.43888,0.0106142,-2.42826,2.47E-15,1,1.003756905,574.8130133,5.03E-30,1.18E-14
158,0.0583626,0.0154795,-0.0428831,0.121528,0.584175287,1.019970181,206.6659335,0.00302397,0.662385
159,0.469997,0.00784366,-0.462153,0.000108488,0.99979609,1.02003665,206.1376056,1.04E-09,0.000519504
160,0.312802,0.017416,-0.295386,0.00662231,0.989866108,0.999709603,1061.034631,2.26E-06,0.0319195
161,1.99209,0.0135711,-1.97852,8.82E-13,1,1.000728799,874.0153604,3.25E-25,4.22E-12
162,0.364734,0.00830005,-0.356434,0.000692702,0.998705307,1.003459298,594.7413607,3.65E-08,0.003319
163,0.363459,0.00622054,-0.357239,0.000271904,0.999407588,1.00062765,889.5549084,7.57E-09,0.00130225
164,0.182596,0.0163178,-0.166279,0.0255314,0.953789245,1.005485621,481.3986359,6.92E-05,0.125449
165,0.506458,0.00492655,-0.501532,0.00991701,0.90835552,1.012876431,285.6227158,6.11E-05,0.0479589
166,0.49275,0.052454,-0.440296,0.00192621,0.996409541,1.008277962,381.8386899,4.93E-07,0.00924064
167,0.0675254,0.112099,0.044574,0.683225,0.232233314,1.006863271,426.4275103,0.005574091,10.327
168,0.0524743,0.00550463,-0.0469696,0.0573205,0.608325266,1.019703327,208.8156374,0.001855338,0.291143
169,0.13817,0.0525118,-0.0856584,0.116068,0.777404333,1.008416981,377.9639713,0.00245669,0.628714
170,0.288004,0.0580285,-0.229975,0.0162228,0.971420808,1.0011467,815.2240633,2.75E-05,0.078957
171,0.0528079,0.00693933,-0.0458686,0.0692201,0.601735368,1.019897398,207.2476909,0.002211459,0.356079
172,0.913065,0.0237831,-0.889282,1.54E-06,0.99999479,0.999280595,1166.311437,6.61E-13,7.36E-06
173,0.272879,0.0870956,-0.185783,0.041047,0.935949081,0.998324483,1498.325044,0.000127431,0.204948
174,0.884023,0.0427944,-0.841229,9.96E-05,0.999792431,1.011169175,314.9616309,1.96E-09,0.000476855
175,0.877303,0.0199945,-0.857308,1.82E-06,0.999995796,0.999265508,1170.397981,6.08E-13,8.72E-06
176,0.158687,0.00979237,-0.148895,0.0130916,0.968689791,1.007907989,392.556736,3.89E-05,0.063515
177,0.212892,0.0585402,-0.154351,0.0480042,0.915653477,1.001378518,785.9268012,0.000252467,0.241437
178,0.454807,0.00588878,-0.448918,3.50E-05,0.999926144,1.018768646,216.7256712,1.21E-10,0.000167796
179,0.506458,0.00492655,-0.501532,0.00991701,0.90835552,1.012876431,285.6227158,6.11E-05,0.0479589
180,0.351238,0.00646411,-0.344774,0.000339086,0.999262988,0.999192676,1190.538543,1.18E-08,0.00162412
181,0.342074,0.0503032,-0.29177,0.00750071,0.985412645,1.003057754,623.9588927,7.14E-06,0.0361854
182,0.130349,0.00719076,-0.123158,0.00987516,0.971059353,1.008891386,365.3248373,3.49E-05,0.0477546
183,0.359579,0.00573419,-0.353844,0.000213217,0.999506935,0.999515735,1106.138546,5.22E-09,0.00102112
184,0.395296,0.00473121,-0.390565,5.38E-05,0.99987341,1.006408936,443.0908431,3.33E-10,0.000257779
185,0.691089,0.011088,-0.680001,8.71E-07,0.999997917,1.006885727,425.6369106,1.01E-13,4.17E-06
186,0.339717,0.00592646,-0.33379,0.000272568,0.999354019,0.997623371,1894.856058,9.13E-09,0.00130543
187,0.25804,0.0085802,-0.24946,0.00306316,0.99282447,1.002049231,711.9951414,1.37E-06,0.0147117
188,0.368866,0.00523387,-0.363632,0.000107405,0.999754131,1.00220664,696.6345727,1.29E-09,0.00051432
189,0.506458,0.00492655,-0.501532,0.00991701,0.90835552,1.012876431,285.6227158,6.11E-05,0.0479589
190,0.345568,0.00733209,-0.338236,0.00073202,0.998432985,0.998025822,1644.865947,5.39E-08,0.00350753
191,0.268235,0.0155222,-0.252713,0.0101805,0.9827965,0.997553337,1946.369745,6.65E-06,0.0492464
192,0.987216,0.0566574,-0.930559,0.116741,0.838435168,1.001538923,766.8682887,0.001472281,0.63284
193,0.0481064,0.00573634,-0.04237,0.0624682,0.58936965,1.020473385,202.7347615,0.002139478,0.319032
194,2.51363,0.0124476,-2.50118,3.93E-15,1,1.005222677,493.5724392,1.51E-29,1.88E-14
195,0.486982,0.00603579,-0.480946,1.37E-05,0.999970382,1.022283474,189.7924174,2.01E-11,6.54E-05
196,2.43881,0.0111313,-2.42768,9.65E-14,1,1.00050804,908.6652095,6.21E-27,4.62E-13
197,0.942462,0.0422913,-0.900171,6.98E-05,0.999858005,1.010625477,325.6499695,9.69E-10,0.000334178
198,0.0830265,0.0931467,0.0101202,0.533192,0.363585874,1.00701787,421.0443954,0.007573356,5.46898
199,0.303964,0.00657858,-0.297385,0.000709932,0.998224146,0.997834852,1754.680652,7.29E-08,0.00340162
200,0.253065,0.0803236,-0.172741,0.0459957,0.926056144,0.997365729,2099.313788,0.000171403,0.230849
201,0.36212,0.0074083,-0.354711,0.000491086,0.999028953,1.001964062,720.5952252,2.05E-08,0.00235251
202,0.610768,0.00878569,-0.601983,1.85E-06,0.999995713,1.015217431,253.4440279,4.32E-13,8.84E-06
203,0.925706,0.0410977,-0.884608,0.0835157,0.874205829,1.009508336,350.1234242,0.001723658,0.436319
204,0.405507,0.00666282,-0.398844,0.000181523,0.999646247,1.012253644,295.6529607,2.80E-09,0.000869304
205,0.0627921,0.12829,0.0654976,0.744833,0.182574214,1.007036927,420.3903768,0.003985643,13.9764
206,0.329598,0.00616069,-0.323437,0.000324649,0.999228157,0.997091092,2372.404036,1.32E-08,0.00155494
207,0.262574,0.0540465,-0.208528,0.0155608,0.970868609,1.000438808,920.1098579,2.95E-05,0.0756841
208,0.40648,0.0124966,-0.393984,0.0015602,0.997511581,1.014594036,261.2622939,1.65E-07,0.00748201
209,0.411692,0.00468339,-0.407008,3.23E-05,0.999927511,1.013476899,276.5918076,1.13E-10,0.000154492
210,0.930117,0.0201155,-0.910002,1.51E-07,0.999999613,1.001737548,744.524074,5.38E-15,7.23E-07
211,0.295152,0.0912115,-0.203941,0.0610502,0.912926755,1.001082471,823.735604,0.000203253,0.311319
212,0.506458,0.00492655,-0.501532,0.00991701,0.90835552,1.012876431,285.6227158,6.11E-05,0.0479589
213,0.473255,0.115314,-0.357941,0.0183161,0.969713217,1.001743829,743.8389221,3.46E-05,0.0893352
214,0.461916,0.0120462,-0.44987,0.000752946,0.998754715,1.018072103,223.0369768,4.70E-08,0.00360787
215,0.230542,0.00736526,-0.223177,0.00262781,0.99288098,1.005354062,487.4123742,1.42E-06,0.0126153
216,0.506458,0.00492655,-0.501532,0.00991701,0.90835552,1.012876431,285.6227158,6.11E-05,0.0479589
217,0.411792,0.00566687,-0.406125,8.52E-05,0.999819024,1.010907547,320.013737,7.03E-10,0.000407805
218,0.0671752,0.0521997,-0.0149755,0.445193,0.411677313,1.008100011,386.9183846,0.018774976,3.84208
219,0.150353,0.0552446,-0.0951085,0.112201,0.79425844,1.00808822,387.2598495,0.001953884,0.605119
220,0.824852,0.0168495,-0.808002,9.59E-07,0.999997754,1.000363136,932.9561496,1.58E-13,4.59E-06
221,0.34244,0.00558181,-0.336858,0.000220553,0.999459325,0.997713237,1832.632391,6.32E-09,0.00105626
222,0.211828,0.0696297,-0.142199,0.0741751,0.883435834,1.000178445,965.8825047,0.000421771,0.38361
223,0.74742,0.04699,-0.70043,0.000424914,0.999167921,1.011129796,315.7115759,2.94E-08,0.00203538
224,0.161124,0.0555051,-0.105619,0.101024,0.815534667,1.007678045,399.5330901,0.001529958,0.538065
225,0.130743,0.00703111,-0.123711,0.00944796,0.971860744,1.008857602,366.1963314,3.28E-05,0.045669
226,0.445098,0.00526348,-0.439835,2.50E-05,0.999944704,1.017163987,231.8607877,6.57E-11,0.000119684
227,0.194703,0.182744,-0.0119586,0.427473,0.48617274,1.001881832,729.100183,0.0036982,3.57498
228,0.0483801,0.00701629,-0.0413638,0.073443,0.583329988,1.020719463,200.86831,0.00248104,0.379523
229,0.264604,0.0155254,-0.249079,0.00613263,0.989809195,0.997666571,1864.423343,2.56E-06,0.0295447
230,0.411259,0.00630431,-0.404955,0.000160712,0.999660705,1.007080617,418.8988075,2.40E-09,0.000769625
231,0.246555,0.00890691,-0.237648,0.00359167,0.991647452,1.002786601,645.3905826,1.90E-06,0.0172592
232,0.0728405,0.0614431,-0.0113974,0.462524,0.407057304,1.007804245,395.6732694,0.014391013,4.12036
233,0.0485634,0.00796175,-0.0406017,0.0810434,0.579089612,1.020887682,199.612818,0.002689755,0.422263
234,0.0485634,0.00796175,-0.0406017,0.0810434,0.579089612,1.020887682,199.612818,0.002689755,0.422263
235,0.0836122,0.0948184,0.0112062,0.552829,0.348359858,1.006194083,451.4414191,0.007079794,5.9194
236,0.315123,0.00745367,-0.30767,0.000939168,0.997895681,0.997016779,2459.005312,1.02E-07,0.00450103
237,0.288551,0.0146093,-0.273942,0.00386905,0.993592562,0.998142999,1584.06535,1.01E-06,0.0185973
238,0.0583626,0.0154795,-0.0428831,0.121528,0.584175287,1.019970181,206.6659335,0.00302397,0.662385
239,0.18799,0.154963,-0.0330266,0.353203,0.559993549,1.001698227,748.8424489,0.003380348,2.61467
240,2.59327,0.0741284,-2.51914,2.67E-15,1,0.998836966,1299.854308,1.51E-29,1.28E-14
241,0.4038,0.0125084,-0.391291,0.00159545,0.997457122,1.014340463,264.5865817,1.72E-07,0.00765133
242,1.44072,0.0459668,-1.39476,9.21E-09,0.999999961,0.998403798,1463.713849,2.38E-17,4.41E-08
243,0.467673,0.00878295,-0.45889,0.000161183,0.999705764,1.022361236,189.2747599,2.93E-09,0.000771881
244,0.506458,0.00492655,-0.501532,0.00991701,0.90835552,1.012876431,285.6227158,6.11E-05,0.0479589
245,0.504444,0.00712173,-0.497322,2.35E-05,0.999951786,1.021485762,195.2781999,5.63E-11,0.000112411
246,0.0666579,0.058224,-0.00843391,0.473417,0.38956228,1.008123425,386.242173,0.016452197,4.30465
247,0.7771,0.0197232,-0.757377,5.33E-05,0.999896165,0.998748656,1330.197387,3.48E-10,0.000255361
248,1.24966,0.0571135,-1.19254,0.113598,0.84282899,1.001587802,761.2450009,0.001396247,0.613622
249,0.0695693,0.0137689,-0.0558004,0.101564,0.62709675,1.017913901,224.5238702,0.002331388,0.541268
250,0.424794,0.0113239,-0.41347,0.000826429,0.998627954,1.01816674,222.1572098,6.43E-08,0.00396027
251,0.0550962,0.00582047,-0.0492758,0.0584001,0.616055322,1.01938601,211.4330726,0.001833303,0.296967
252,0.926678,0.0658561,-0.860822,0.000342212,0.999297311,0.998344638,1489.374898,2.03E-08,0.00163909